img_path,label
./Simpson/selma_bouvier/pic_0043.jpg,selma_bouvier
./Simpson/selma_bouvier/pic_0086.jpg,selma_bouvier
./Simpson/selma_bouvier/pic_0003.jpg,selma_bouvier
./Simpson/selma_bouvier/pic_0035.jpg,selma_bouvier
./Simpson/selma_bouvier/pic_0012.jpg,selma_bouvier
./Simpson/selma_bouvier/pic_0101.jpg,selma_bouvier
./Simpson/selma_bouvier/pic_0062.jpg,selma_bouvier
./Simpson/selma_bouvier/pic_0040.jpg,selma_bouvier
./Simpson/selma_bouvier/pic_0015.jpg,selma_bouvier
./Simpson/selma_bouvier/pic_0074.jpg,selma_bouvier
./Simpson/selma_bouvier/pic_0048.jpg,selma_bouvier
./Simpson/selma_bouvier/pic_0039.jpg,selma_bouvier
./Simpson/selma_bouvier/pic_0051.jpg,selma_bouvier
./Simpson/selma_bouvier/pic_0018.jpg,selma_bouvier
./Simpson/selma_bouvier/pic_0021.jpg,selma_bouvier
./Simpson/selma_bouvier/pic_0061.jpg,selma_bouvier
./Simpson/selma_bouvier/pic_0090.jpg,selma_bouvier
./Simpson/selma_bouvier/pic_0068.jpg,selma_bouvier
./Simpson/selma_bouvier/pic_0066.jpg,selma_bouvier
./Simpson/selma_bouvier/pic_0020.jpg,selma_bouvier
./Simpson/selma_bouvier/pic_0052.jpg,selma_bouvier
./Simpson/selma_bouvier/pic_0069.jpg,selma_bouvier
./Simpson/selma_bouvier/pic_0001.jpg,selma_bouvier
./Simpson/selma_bouvier/pic_0095.jpg,selma_bouvier
./Simpson/selma_bouvier/pic_0088.jpg,selma_bouvier
./Simpson/selma_bouvier/pic_0010.jpg,selma_bouvier
./Simpson/selma_bouvier/pic_0005.jpg,selma_bouvier
./Simpson/selma_bouvier/pic_0059.jpg,selma_bouvier
./Simpson/selma_bouvier/pic_0100.jpg,selma_bouvier
./Simpson/selma_bouvier/pic_0033.jpg,selma_bouvier
./Simpson/selma_bouvier/pic_0032.jpg,selma_bouvier
./Simpson/selma_bouvier/pic_0092.jpg,selma_bouvier
./Simpson/selma_bouvier/pic_0045.jpg,selma_bouvier
./Simpson/selma_bouvier/pic_0011.jpg,selma_bouvier
./Simpson/selma_bouvier/pic_0009.jpg,selma_bouvier
./Simpson/selma_bouvier/pic_0019.jpg,selma_bouvier
./Simpson/selma_bouvier/pic_0078.jpg,selma_bouvier
./Simpson/selma_bouvier/pic_0028.jpg,selma_bouvier
./Simpson/selma_bouvier/pic_0031.jpg,selma_bouvier
./Simpson/selma_bouvier/pic_0067.jpg,selma_bouvier
./Simpson/selma_bouvier/pic_0055.jpg,selma_bouvier
./Simpson/selma_bouvier/pic_0013.jpg,selma_bouvier
./Simpson/selma_bouvier/pic_0063.jpg,selma_bouvier
./Simpson/selma_bouvier/pic_0047.jpg,selma_bouvier
./Simpson/selma_bouvier/pic_0050.jpg,selma_bouvier
./Simpson/selma_bouvier/pic_0084.jpg,selma_bouvier
./Simpson/selma_bouvier/pic_0056.jpg,selma_bouvier
./Simpson/selma_bouvier/pic_0077.jpg,selma_bouvier
./Simpson/selma_bouvier/pic_0016.jpg,selma_bouvier
./Simpson/selma_bouvier/pic_0058.jpg,selma_bouvier
./Simpson/selma_bouvier/pic_0073.jpg,selma_bouvier
./Simpson/selma_bouvier/pic_0014.jpg,selma_bouvier
./Simpson/selma_bouvier/pic_0049.jpg,selma_bouvier
./Simpson/selma_bouvier/pic_0093.jpg,selma_bouvier
./Simpson/selma_bouvier/pic_0076.jpg,selma_bouvier
./Simpson/selma_bouvier/pic_0046.jpg,selma_bouvier
./Simpson/selma_bouvier/pic_0064.jpg,selma_bouvier
./Simpson/selma_bouvier/pic_0099.jpg,selma_bouvier
./Simpson/selma_bouvier/pic_0007.jpg,selma_bouvier
./Simpson/selma_bouvier/pic_0030.jpg,selma_bouvier
./Simpson/selma_bouvier/pic_0091.jpg,selma_bouvier
./Simpson/selma_bouvier/pic_0057.jpg,selma_bouvier
./Simpson/selma_bouvier/pic_0098.jpg,selma_bouvier
./Simpson/selma_bouvier/pic_0094.jpg,selma_bouvier
./Simpson/selma_bouvier/pic_0082.jpg,selma_bouvier
./Simpson/selma_bouvier/pic_0065.jpg,selma_bouvier
./Simpson/selma_bouvier/pic_0096.jpg,selma_bouvier
./Simpson/selma_bouvier/pic_0006.jpg,selma_bouvier
./Simpson/selma_bouvier/pic_0060.jpg,selma_bouvier
./Simpson/selma_bouvier/pic_0071.jpg,selma_bouvier
./Simpson/selma_bouvier/pic_0087.jpg,selma_bouvier
./Simpson/selma_bouvier/pic_0075.jpg,selma_bouvier
./Simpson/selma_bouvier/pic_0024.jpg,selma_bouvier
./Simpson/selma_bouvier/pic_0022.jpg,selma_bouvier
./Simpson/selma_bouvier/pic_0004.jpg,selma_bouvier
./Simpson/selma_bouvier/pic_0089.jpg,selma_bouvier
./Simpson/selma_bouvier/pic_0017.jpg,selma_bouvier
./Simpson/selma_bouvier/pic_0034.jpg,selma_bouvier
./Simpson/selma_bouvier/pic_0025.jpg,selma_bouvier
./Simpson/selma_bouvier/pic_0083.jpg,selma_bouvier
./Simpson/selma_bouvier/pic_0085.jpg,selma_bouvier
./Simpson/selma_bouvier/pic_0044.jpg,selma_bouvier
./Simpson/selma_bouvier/pic_0072.jpg,selma_bouvier
./Simpson/selma_bouvier/pic_0041.jpg,selma_bouvier
./Simpson/selma_bouvier/pic_0053.jpg,selma_bouvier
./Simpson/selma_bouvier/pic_0027.jpg,selma_bouvier
./Simpson/selma_bouvier/pic_0000.jpg,selma_bouvier
./Simpson/selma_bouvier/pic_0080.jpg,selma_bouvier
./Simpson/selma_bouvier/pic_0029.jpg,selma_bouvier
./Simpson/selma_bouvier/pic_0042.jpg,selma_bouvier
./Simpson/selma_bouvier/pic_0023.jpg,selma_bouvier
./Simpson/selma_bouvier/pic_0070.jpg,selma_bouvier
./Simpson/selma_bouvier/pic_0008.jpg,selma_bouvier
./Simpson/selma_bouvier/pic_0038.jpg,selma_bouvier
./Simpson/selma_bouvier/pic_0097.jpg,selma_bouvier
./Simpson/selma_bouvier/pic_0037.jpg,selma_bouvier
./Simpson/selma_bouvier/pic_0102.jpg,selma_bouvier
./Simpson/selma_bouvier/pic_0054.jpg,selma_bouvier
./Simpson/selma_bouvier/pic_0036.jpg,selma_bouvier
./Simpson/selma_bouvier/pic_0081.jpg,selma_bouvier
./Simpson/selma_bouvier/pic_0079.jpg,selma_bouvier
./Simpson/selma_bouvier/pic_0002.jpg,selma_bouvier
./Simpson/selma_bouvier/pic_0026.jpg,selma_bouvier
./Simpson/waylon_smithers/pic_0153.jpg,waylon_smithers
./Simpson/waylon_smithers/pic_0043.jpg,waylon_smithers
./Simpson/waylon_smithers/pic_0175.jpg,waylon_smithers
./Simpson/waylon_smithers/pic_0086.jpg,waylon_smithers
./Simpson/waylon_smithers/pic_0003.jpg,waylon_smithers
./Simpson/waylon_smithers/pic_0035.jpg,waylon_smithers
./Simpson/waylon_smithers/pic_0012.jpg,waylon_smithers
./Simpson/waylon_smithers/pic_0101.jpg,waylon_smithers
./Simpson/waylon_smithers/pic_0062.jpg,waylon_smithers
./Simpson/waylon_smithers/pic_0151.jpg,waylon_smithers
./Simpson/waylon_smithers/pic_0107.jpg,waylon_smithers
./Simpson/waylon_smithers/pic_0040.jpg,waylon_smithers
./Simpson/waylon_smithers/pic_0015.jpg,waylon_smithers
./Simpson/waylon_smithers/pic_0074.jpg,waylon_smithers
./Simpson/waylon_smithers/pic_0127.jpg,waylon_smithers
./Simpson/waylon_smithers/pic_0048.jpg,waylon_smithers
./Simpson/waylon_smithers/pic_0137.jpg,waylon_smithers
./Simpson/waylon_smithers/pic_0169.jpg,waylon_smithers
./Simpson/waylon_smithers/pic_0124.jpg,waylon_smithers
./Simpson/waylon_smithers/pic_0172.jpg,waylon_smithers
./Simpson/waylon_smithers/pic_0149.jpg,waylon_smithers
./Simpson/waylon_smithers/pic_0039.jpg,waylon_smithers
./Simpson/waylon_smithers/pic_0051.jpg,waylon_smithers
./Simpson/waylon_smithers/pic_0158.jpg,waylon_smithers
./Simpson/waylon_smithers/pic_0018.jpg,waylon_smithers
./Simpson/waylon_smithers/pic_0145.jpg,waylon_smithers
./Simpson/waylon_smithers/pic_0021.jpg,waylon_smithers
./Simpson/waylon_smithers/pic_0178.jpg,waylon_smithers
./Simpson/waylon_smithers/pic_0061.jpg,waylon_smithers
./Simpson/waylon_smithers/pic_0090.jpg,waylon_smithers
./Simpson/waylon_smithers/pic_0162.jpg,waylon_smithers
./Simpson/waylon_smithers/pic_0068.jpg,waylon_smithers
./Simpson/waylon_smithers/pic_0157.jpg,waylon_smithers
./Simpson/waylon_smithers/pic_0066.jpg,waylon_smithers
./Simpson/waylon_smithers/pic_0020.jpg,waylon_smithers
./Simpson/waylon_smithers/pic_0141.jpg,waylon_smithers
./Simpson/waylon_smithers/pic_0052.jpg,waylon_smithers
./Simpson/waylon_smithers/pic_0069.jpg,waylon_smithers
./Simpson/waylon_smithers/pic_0001.jpg,waylon_smithers
./Simpson/waylon_smithers/pic_0095.jpg,waylon_smithers
./Simpson/waylon_smithers/pic_0088.jpg,waylon_smithers
./Simpson/waylon_smithers/pic_0010.jpg,waylon_smithers
./Simpson/waylon_smithers/pic_0167.jpg,waylon_smithers
./Simpson/waylon_smithers/pic_0103.jpg,waylon_smithers
./Simpson/waylon_smithers/pic_0147.jpg,waylon_smithers
./Simpson/waylon_smithers/pic_0111.jpg,waylon_smithers
./Simpson/waylon_smithers/pic_0133.jpg,waylon_smithers
./Simpson/waylon_smithers/pic_0005.jpg,waylon_smithers
./Simpson/waylon_smithers/pic_0059.jpg,waylon_smithers
./Simpson/waylon_smithers/pic_0166.jpg,waylon_smithers
./Simpson/waylon_smithers/pic_0144.jpg,waylon_smithers
./Simpson/waylon_smithers/pic_0100.jpg,waylon_smithers
./Simpson/waylon_smithers/pic_0033.jpg,waylon_smithers
./Simpson/waylon_smithers/pic_0032.jpg,waylon_smithers
./Simpson/waylon_smithers/pic_0146.jpg,waylon_smithers
./Simpson/waylon_smithers/pic_0119.jpg,waylon_smithers
./Simpson/waylon_smithers/pic_0174.jpg,waylon_smithers
./Simpson/waylon_smithers/pic_0092.jpg,waylon_smithers
./Simpson/waylon_smithers/pic_0045.jpg,waylon_smithers
./Simpson/waylon_smithers/pic_0011.jpg,waylon_smithers
./Simpson/waylon_smithers/pic_0009.jpg,waylon_smithers
./Simpson/waylon_smithers/pic_0173.jpg,waylon_smithers
./Simpson/waylon_smithers/pic_0019.jpg,waylon_smithers
./Simpson/waylon_smithers/pic_0134.jpg,waylon_smithers
./Simpson/waylon_smithers/pic_0104.jpg,waylon_smithers
./Simpson/waylon_smithers/pic_0078.jpg,waylon_smithers
./Simpson/waylon_smithers/pic_0120.jpg,waylon_smithers
./Simpson/waylon_smithers/pic_0028.jpg,waylon_smithers
./Simpson/waylon_smithers/pic_0031.jpg,waylon_smithers
./Simpson/waylon_smithers/pic_0159.jpg,waylon_smithers
./Simpson/waylon_smithers/pic_0139.jpg,waylon_smithers
./Simpson/waylon_smithers/pic_0067.jpg,waylon_smithers
./Simpson/waylon_smithers/pic_0114.jpg,waylon_smithers
./Simpson/waylon_smithers/pic_0155.jpg,waylon_smithers
./Simpson/waylon_smithers/pic_0129.jpg,waylon_smithers
./Simpson/waylon_smithers/pic_0055.jpg,waylon_smithers
./Simpson/waylon_smithers/pic_0013.jpg,waylon_smithers
./Simpson/waylon_smithers/pic_0112.jpg,waylon_smithers
./Simpson/waylon_smithers/pic_0110.jpg,waylon_smithers
./Simpson/waylon_smithers/pic_0063.jpg,waylon_smithers
./Simpson/waylon_smithers/pic_0142.jpg,waylon_smithers
./Simpson/waylon_smithers/pic_0047.jpg,waylon_smithers
./Simpson/waylon_smithers/pic_0050.jpg,waylon_smithers
./Simpson/waylon_smithers/pic_0109.jpg,waylon_smithers
./Simpson/waylon_smithers/pic_0084.jpg,waylon_smithers
./Simpson/waylon_smithers/pic_0161.jpg,waylon_smithers
./Simpson/waylon_smithers/pic_0056.jpg,waylon_smithers
./Simpson/waylon_smithers/pic_0077.jpg,waylon_smithers
./Simpson/waylon_smithers/pic_0016.jpg,waylon_smithers
./Simpson/waylon_smithers/pic_0058.jpg,waylon_smithers
./Simpson/waylon_smithers/pic_0073.jpg,waylon_smithers
./Simpson/waylon_smithers/pic_0136.jpg,waylon_smithers
./Simpson/waylon_smithers/pic_0014.jpg,waylon_smithers
./Simpson/waylon_smithers/pic_0128.jpg,waylon_smithers
./Simpson/waylon_smithers/pic_0164.jpg,waylon_smithers
./Simpson/waylon_smithers/pic_0049.jpg,waylon_smithers
./Simpson/waylon_smithers/pic_0093.jpg,waylon_smithers
./Simpson/waylon_smithers/pic_0152.jpg,waylon_smithers
./Simpson/waylon_smithers/pic_0076.jpg,waylon_smithers
./Simpson/waylon_smithers/pic_0106.jpg,waylon_smithers
./Simpson/waylon_smithers/pic_0046.jpg,waylon_smithers
./Simpson/waylon_smithers/pic_0179.jpg,waylon_smithers
./Simpson/waylon_smithers/pic_0154.jpg,waylon_smithers
./Simpson/waylon_smithers/pic_0064.jpg,waylon_smithers
./Simpson/waylon_smithers/pic_0099.jpg,waylon_smithers
./Simpson/waylon_smithers/pic_0132.jpg,waylon_smithers
./Simpson/waylon_smithers/pic_0007.jpg,waylon_smithers
./Simpson/waylon_smithers/pic_0030.jpg,waylon_smithers
./Simpson/waylon_smithers/pic_0091.jpg,waylon_smithers
./Simpson/waylon_smithers/pic_0138.jpg,waylon_smithers
./Simpson/waylon_smithers/pic_0140.jpg,waylon_smithers
./Simpson/waylon_smithers/pic_0057.jpg,waylon_smithers
./Simpson/waylon_smithers/pic_0098.jpg,waylon_smithers
./Simpson/waylon_smithers/pic_0094.jpg,waylon_smithers
./Simpson/waylon_smithers/pic_0082.jpg,waylon_smithers
./Simpson/waylon_smithers/pic_0108.jpg,waylon_smithers
./Simpson/waylon_smithers/pic_0168.jpg,waylon_smithers
./Simpson/waylon_smithers/pic_0065.jpg,waylon_smithers
./Simpson/waylon_smithers/pic_0096.jpg,waylon_smithers
./Simpson/waylon_smithers/pic_0006.jpg,waylon_smithers
./Simpson/waylon_smithers/pic_0060.jpg,waylon_smithers
./Simpson/waylon_smithers/pic_0071.jpg,waylon_smithers
./Simpson/waylon_smithers/pic_0087.jpg,waylon_smithers
./Simpson/waylon_smithers/pic_0075.jpg,waylon_smithers
./Simpson/waylon_smithers/pic_0024.jpg,waylon_smithers
./Simpson/waylon_smithers/pic_0135.jpg,waylon_smithers
./Simpson/waylon_smithers/pic_0170.jpg,waylon_smithers
./Simpson/waylon_smithers/pic_0022.jpg,waylon_smithers
./Simpson/waylon_smithers/pic_0004.jpg,waylon_smithers
./Simpson/waylon_smithers/pic_0143.jpg,waylon_smithers
./Simpson/waylon_smithers/pic_0089.jpg,waylon_smithers
./Simpson/waylon_smithers/pic_0126.jpg,waylon_smithers
./Simpson/waylon_smithers/pic_0017.jpg,waylon_smithers
./Simpson/waylon_smithers/pic_0125.jpg,waylon_smithers
./Simpson/waylon_smithers/pic_0117.jpg,waylon_smithers
./Simpson/waylon_smithers/pic_0177.jpg,waylon_smithers
./Simpson/waylon_smithers/pic_0148.jpg,waylon_smithers
./Simpson/waylon_smithers/pic_0034.jpg,waylon_smithers
./Simpson/waylon_smithers/pic_0025.jpg,waylon_smithers
./Simpson/waylon_smithers/pic_0083.jpg,waylon_smithers
./Simpson/waylon_smithers/pic_0180.jpg,waylon_smithers
./Simpson/waylon_smithers/pic_0085.jpg,waylon_smithers
./Simpson/waylon_smithers/pic_0044.jpg,waylon_smithers
./Simpson/waylon_smithers/pic_0176.jpg,waylon_smithers
./Simpson/waylon_smithers/pic_0072.jpg,waylon_smithers
./Simpson/waylon_smithers/pic_0118.jpg,waylon_smithers
./Simpson/waylon_smithers/pic_0116.jpg,waylon_smithers
./Simpson/waylon_smithers/pic_0041.jpg,waylon_smithers
./Simpson/waylon_smithers/pic_0160.jpg,waylon_smithers
./Simpson/waylon_smithers/pic_0131.jpg,waylon_smithers
./Simpson/waylon_smithers/pic_0115.jpg,waylon_smithers
./Simpson/waylon_smithers/pic_0053.jpg,waylon_smithers
./Simpson/waylon_smithers/pic_0027.jpg,waylon_smithers
./Simpson/waylon_smithers/pic_0000.jpg,waylon_smithers
./Simpson/waylon_smithers/pic_0080.jpg,waylon_smithers
./Simpson/waylon_smithers/pic_0029.jpg,waylon_smithers
./Simpson/waylon_smithers/pic_0042.jpg,waylon_smithers
./Simpson/waylon_smithers/pic_0023.jpg,waylon_smithers
./Simpson/waylon_smithers/pic_0070.jpg,waylon_smithers
./Simpson/waylon_smithers/pic_0165.jpg,waylon_smithers
./Simpson/waylon_smithers/pic_0105.jpg,waylon_smithers
./Simpson/waylon_smithers/pic_0008.jpg,waylon_smithers
./Simpson/waylon_smithers/pic_0156.jpg,waylon_smithers
./Simpson/waylon_smithers/pic_0038.jpg,waylon_smithers
./Simpson/waylon_smithers/pic_0130.jpg,waylon_smithers
./Simpson/waylon_smithers/pic_0097.jpg,waylon_smithers
./Simpson/waylon_smithers/pic_0123.jpg,waylon_smithers
./Simpson/waylon_smithers/pic_0037.jpg,waylon_smithers
./Simpson/waylon_smithers/pic_0102.jpg,waylon_smithers
./Simpson/waylon_smithers/pic_0150.jpg,waylon_smithers
./Simpson/waylon_smithers/pic_0121.jpg,waylon_smithers
./Simpson/waylon_smithers/pic_0054.jpg,waylon_smithers
./Simpson/waylon_smithers/pic_0122.jpg,waylon_smithers
./Simpson/waylon_smithers/pic_0163.jpg,waylon_smithers
./Simpson/waylon_smithers/pic_0036.jpg,waylon_smithers
./Simpson/waylon_smithers/pic_0081.jpg,waylon_smithers
./Simpson/waylon_smithers/pic_0171.jpg,waylon_smithers
./Simpson/waylon_smithers/pic_0079.jpg,waylon_smithers
./Simpson/waylon_smithers/pic_0002.jpg,waylon_smithers
./Simpson/waylon_smithers/pic_0113.jpg,waylon_smithers
./Simpson/waylon_smithers/pic_0026.jpg,waylon_smithers
./Simpson/barney_gumble/pic_0043.jpg,barney_gumble
./Simpson/barney_gumble/pic_0086.jpg,barney_gumble
./Simpson/barney_gumble/pic_0003.jpg,barney_gumble
./Simpson/barney_gumble/pic_0035.jpg,barney_gumble
./Simpson/barney_gumble/pic_0012.jpg,barney_gumble
./Simpson/barney_gumble/pic_0101.jpg,barney_gumble
./Simpson/barney_gumble/pic_0062.jpg,barney_gumble
./Simpson/barney_gumble/pic_0040.jpg,barney_gumble
./Simpson/barney_gumble/pic_0015.jpg,barney_gumble
./Simpson/barney_gumble/pic_0074.jpg,barney_gumble
./Simpson/barney_gumble/pic_0048.jpg,barney_gumble
./Simpson/barney_gumble/pic_0039.jpg,barney_gumble
./Simpson/barney_gumble/pic_0051.jpg,barney_gumble
./Simpson/barney_gumble/pic_0018.jpg,barney_gumble
./Simpson/barney_gumble/pic_0021.jpg,barney_gumble
./Simpson/barney_gumble/pic_0061.jpg,barney_gumble
./Simpson/barney_gumble/pic_0090.jpg,barney_gumble
./Simpson/barney_gumble/pic_0068.jpg,barney_gumble
./Simpson/barney_gumble/pic_0066.jpg,barney_gumble
./Simpson/barney_gumble/pic_0020.jpg,barney_gumble
./Simpson/barney_gumble/pic_0052.jpg,barney_gumble
./Simpson/barney_gumble/pic_0069.jpg,barney_gumble
./Simpson/barney_gumble/pic_0001.jpg,barney_gumble
./Simpson/barney_gumble/pic_0095.jpg,barney_gumble
./Simpson/barney_gumble/pic_0088.jpg,barney_gumble
./Simpson/barney_gumble/pic_0010.jpg,barney_gumble
./Simpson/barney_gumble/pic_0103.jpg,barney_gumble
./Simpson/barney_gumble/pic_0005.jpg,barney_gumble
./Simpson/barney_gumble/pic_0059.jpg,barney_gumble
./Simpson/barney_gumble/pic_0100.jpg,barney_gumble
./Simpson/barney_gumble/pic_0033.jpg,barney_gumble
./Simpson/barney_gumble/pic_0032.jpg,barney_gumble
./Simpson/barney_gumble/pic_0092.jpg,barney_gumble
./Simpson/barney_gumble/pic_0045.jpg,barney_gumble
./Simpson/barney_gumble/pic_0011.jpg,barney_gumble
./Simpson/barney_gumble/pic_0009.jpg,barney_gumble
./Simpson/barney_gumble/pic_0019.jpg,barney_gumble
./Simpson/barney_gumble/pic_0104.jpg,barney_gumble
./Simpson/barney_gumble/pic_0078.jpg,barney_gumble
./Simpson/barney_gumble/pic_0028.jpg,barney_gumble
./Simpson/barney_gumble/pic_0031.jpg,barney_gumble
./Simpson/barney_gumble/pic_0067.jpg,barney_gumble
./Simpson/barney_gumble/pic_0055.jpg,barney_gumble
./Simpson/barney_gumble/pic_0013.jpg,barney_gumble
./Simpson/barney_gumble/pic_0063.jpg,barney_gumble
./Simpson/barney_gumble/pic_0047.jpg,barney_gumble
./Simpson/barney_gumble/pic_0050.jpg,barney_gumble
./Simpson/barney_gumble/pic_0084.jpg,barney_gumble
./Simpson/barney_gumble/pic_0056.jpg,barney_gumble
./Simpson/barney_gumble/pic_0077.jpg,barney_gumble
./Simpson/barney_gumble/pic_0016.jpg,barney_gumble
./Simpson/barney_gumble/pic_0058.jpg,barney_gumble
./Simpson/barney_gumble/pic_0073.jpg,barney_gumble
./Simpson/barney_gumble/pic_0014.jpg,barney_gumble
./Simpson/barney_gumble/pic_0049.jpg,barney_gumble
./Simpson/barney_gumble/pic_0093.jpg,barney_gumble
./Simpson/barney_gumble/pic_0076.jpg,barney_gumble
./Simpson/barney_gumble/pic_0046.jpg,barney_gumble
./Simpson/barney_gumble/pic_0064.jpg,barney_gumble
./Simpson/barney_gumble/pic_0099.jpg,barney_gumble
./Simpson/barney_gumble/pic_0007.jpg,barney_gumble
./Simpson/barney_gumble/pic_0030.jpg,barney_gumble
./Simpson/barney_gumble/pic_0091.jpg,barney_gumble
./Simpson/barney_gumble/pic_0057.jpg,barney_gumble
./Simpson/barney_gumble/pic_0098.jpg,barney_gumble
./Simpson/barney_gumble/pic_0094.jpg,barney_gumble
./Simpson/barney_gumble/pic_0082.jpg,barney_gumble
./Simpson/barney_gumble/pic_0065.jpg,barney_gumble
./Simpson/barney_gumble/pic_0096.jpg,barney_gumble
./Simpson/barney_gumble/pic_0006.jpg,barney_gumble
./Simpson/barney_gumble/pic_0060.jpg,barney_gumble
./Simpson/barney_gumble/pic_0071.jpg,barney_gumble
./Simpson/barney_gumble/pic_0087.jpg,barney_gumble
./Simpson/barney_gumble/pic_0075.jpg,barney_gumble
./Simpson/barney_gumble/pic_0024.jpg,barney_gumble
./Simpson/barney_gumble/pic_0022.jpg,barney_gumble
./Simpson/barney_gumble/pic_0004.jpg,barney_gumble
./Simpson/barney_gumble/pic_0089.jpg,barney_gumble
./Simpson/barney_gumble/pic_0017.jpg,barney_gumble
./Simpson/barney_gumble/pic_0034.jpg,barney_gumble
./Simpson/barney_gumble/pic_0025.jpg,barney_gumble
./Simpson/barney_gumble/pic_0083.jpg,barney_gumble
./Simpson/barney_gumble/pic_0085.jpg,barney_gumble
./Simpson/barney_gumble/pic_0044.jpg,barney_gumble
./Simpson/barney_gumble/pic_0072.jpg,barney_gumble
./Simpson/barney_gumble/pic_0041.jpg,barney_gumble
./Simpson/barney_gumble/pic_0053.jpg,barney_gumble
./Simpson/barney_gumble/pic_0027.jpg,barney_gumble
./Simpson/barney_gumble/pic_0000.jpg,barney_gumble
./Simpson/barney_gumble/pic_0080.jpg,barney_gumble
./Simpson/barney_gumble/pic_0029.jpg,barney_gumble
./Simpson/barney_gumble/pic_0042.jpg,barney_gumble
./Simpson/barney_gumble/pic_0023.jpg,barney_gumble
./Simpson/barney_gumble/pic_0070.jpg,barney_gumble
./Simpson/barney_gumble/pic_0105.jpg,barney_gumble
./Simpson/barney_gumble/pic_0008.jpg,barney_gumble
./Simpson/barney_gumble/pic_0038.jpg,barney_gumble
./Simpson/barney_gumble/pic_0097.jpg,barney_gumble
./Simpson/barney_gumble/pic_0037.jpg,barney_gumble
./Simpson/barney_gumble/pic_0102.jpg,barney_gumble
./Simpson/barney_gumble/pic_0054.jpg,barney_gumble
./Simpson/barney_gumble/pic_0036.jpg,barney_gumble
./Simpson/barney_gumble/pic_0081.jpg,barney_gumble
./Simpson/barney_gumble/pic_0079.jpg,barney_gumble
./Simpson/barney_gumble/pic_0002.jpg,barney_gumble
./Simpson/barney_gumble/pic_0026.jpg,barney_gumble
./Simpson/mayor_quimby/pic_0153.jpg,mayor_quimby
./Simpson/mayor_quimby/pic_0043.jpg,mayor_quimby
./Simpson/mayor_quimby/pic_0244.jpg,mayor_quimby
./Simpson/mayor_quimby/pic_0175.jpg,mayor_quimby
./Simpson/mayor_quimby/pic_0086.jpg,mayor_quimby
./Simpson/mayor_quimby/pic_0003.jpg,mayor_quimby
./Simpson/mayor_quimby/pic_0035.jpg,mayor_quimby
./Simpson/mayor_quimby/pic_0012.jpg,mayor_quimby
./Simpson/mayor_quimby/pic_0101.jpg,mayor_quimby
./Simpson/mayor_quimby/pic_0245.jpg,mayor_quimby
./Simpson/mayor_quimby/pic_0198.jpg,mayor_quimby
./Simpson/mayor_quimby/pic_0062.jpg,mayor_quimby
./Simpson/mayor_quimby/pic_0208.jpg,mayor_quimby
./Simpson/mayor_quimby/pic_0237.jpg,mayor_quimby
./Simpson/mayor_quimby/pic_0151.jpg,mayor_quimby
./Simpson/mayor_quimby/pic_0107.jpg,mayor_quimby
./Simpson/mayor_quimby/pic_0040.jpg,mayor_quimby
./Simpson/mayor_quimby/pic_0015.jpg,mayor_quimby
./Simpson/mayor_quimby/pic_0228.jpg,mayor_quimby
./Simpson/mayor_quimby/pic_0074.jpg,mayor_quimby
./Simpson/mayor_quimby/pic_0184.jpg,mayor_quimby
./Simpson/mayor_quimby/pic_0127.jpg,mayor_quimby
./Simpson/mayor_quimby/pic_0048.jpg,mayor_quimby
./Simpson/mayor_quimby/pic_0211.jpg,mayor_quimby
./Simpson/mayor_quimby/pic_0137.jpg,mayor_quimby
./Simpson/mayor_quimby/pic_0169.jpg,mayor_quimby
./Simpson/mayor_quimby/pic_0124.jpg,mayor_quimby
./Simpson/mayor_quimby/pic_0172.jpg,mayor_quimby
./Simpson/mayor_quimby/pic_0238.jpg,mayor_quimby
./Simpson/mayor_quimby/pic_0149.jpg,mayor_quimby
./Simpson/mayor_quimby/pic_0039.jpg,mayor_quimby
./Simpson/mayor_quimby/pic_0051.jpg,mayor_quimby
./Simpson/mayor_quimby/pic_0158.jpg,mayor_quimby
./Simpson/mayor_quimby/pic_0018.jpg,mayor_quimby
./Simpson/mayor_quimby/pic_0205.jpg,mayor_quimby
./Simpson/mayor_quimby/pic_0145.jpg,mayor_quimby
./Simpson/mayor_quimby/pic_0021.jpg,mayor_quimby
./Simpson/mayor_quimby/pic_0178.jpg,mayor_quimby
./Simpson/mayor_quimby/pic_0061.jpg,mayor_quimby
./Simpson/mayor_quimby/pic_0090.jpg,mayor_quimby
./Simpson/mayor_quimby/pic_0162.jpg,mayor_quimby
./Simpson/mayor_quimby/pic_0068.jpg,mayor_quimby
./Simpson/mayor_quimby/pic_0227.jpg,mayor_quimby
./Simpson/mayor_quimby/pic_0214.jpg,mayor_quimby
./Simpson/mayor_quimby/pic_0192.jpg,mayor_quimby
./Simpson/mayor_quimby/pic_0215.jpg,mayor_quimby
./Simpson/mayor_quimby/pic_0157.jpg,mayor_quimby
./Simpson/mayor_quimby/pic_0066.jpg,mayor_quimby
./Simpson/mayor_quimby/pic_0233.jpg,mayor_quimby
./Simpson/mayor_quimby/pic_0225.jpg,mayor_quimby
./Simpson/mayor_quimby/pic_0020.jpg,mayor_quimby
./Simpson/mayor_quimby/pic_0141.jpg,mayor_quimby
./Simpson/mayor_quimby/pic_0052.jpg,mayor_quimby
./Simpson/mayor_quimby/pic_0069.jpg,mayor_quimby
./Simpson/mayor_quimby/pic_0001.jpg,mayor_quimby
./Simpson/mayor_quimby/pic_0236.jpg,mayor_quimby
./Simpson/mayor_quimby/pic_0095.jpg,mayor_quimby
./Simpson/mayor_quimby/pic_0088.jpg,mayor_quimby
./Simpson/mayor_quimby/pic_0204.jpg,mayor_quimby
./Simpson/mayor_quimby/pic_0010.jpg,mayor_quimby
./Simpson/mayor_quimby/pic_0224.jpg,mayor_quimby
./Simpson/mayor_quimby/pic_0167.jpg,mayor_quimby
./Simpson/mayor_quimby/pic_0194.jpg,mayor_quimby
./Simpson/mayor_quimby/pic_0103.jpg,mayor_quimby
./Simpson/mayor_quimby/pic_0147.jpg,mayor_quimby
./Simpson/mayor_quimby/pic_0111.jpg,mayor_quimby
./Simpson/mayor_quimby/pic_0133.jpg,mayor_quimby
./Simpson/mayor_quimby/pic_0005.jpg,mayor_quimby
./Simpson/mayor_quimby/pic_0059.jpg,mayor_quimby
./Simpson/mayor_quimby/pic_0216.jpg,mayor_quimby
./Simpson/mayor_quimby/pic_0183.jpg,mayor_quimby
./Simpson/mayor_quimby/pic_0166.jpg,mayor_quimby
./Simpson/mayor_quimby/pic_0144.jpg,mayor_quimby
./Simpson/mayor_quimby/pic_0100.jpg,mayor_quimby
./Simpson/mayor_quimby/pic_0033.jpg,mayor_quimby
./Simpson/mayor_quimby/pic_0032.jpg,mayor_quimby
./Simpson/mayor_quimby/pic_0189.jpg,mayor_quimby
./Simpson/mayor_quimby/pic_0146.jpg,mayor_quimby
./Simpson/mayor_quimby/pic_0193.jpg,mayor_quimby
./Simpson/mayor_quimby/pic_0226.jpg,mayor_quimby
./Simpson/mayor_quimby/pic_0119.jpg,mayor_quimby
./Simpson/mayor_quimby/pic_0174.jpg,mayor_quimby
./Simpson/mayor_quimby/pic_0092.jpg,mayor_quimby
./Simpson/mayor_quimby/pic_0045.jpg,mayor_quimby
./Simpson/mayor_quimby/pic_0011.jpg,mayor_quimby
./Simpson/mayor_quimby/pic_0209.jpg,mayor_quimby
./Simpson/mayor_quimby/pic_0009.jpg,mayor_quimby
./Simpson/mayor_quimby/pic_0186.jpg,mayor_quimby
./Simpson/mayor_quimby/pic_0218.jpg,mayor_quimby
./Simpson/mayor_quimby/pic_0173.jpg,mayor_quimby
./Simpson/mayor_quimby/pic_0019.jpg,mayor_quimby
./Simpson/mayor_quimby/pic_0134.jpg,mayor_quimby
./Simpson/mayor_quimby/pic_0104.jpg,mayor_quimby
./Simpson/mayor_quimby/pic_0078.jpg,mayor_quimby
./Simpson/mayor_quimby/pic_0120.jpg,mayor_quimby
./Simpson/mayor_quimby/pic_0028.jpg,mayor_quimby
./Simpson/mayor_quimby/pic_0031.jpg,mayor_quimby
./Simpson/mayor_quimby/pic_0159.jpg,mayor_quimby
./Simpson/mayor_quimby/pic_0139.jpg,mayor_quimby
./Simpson/mayor_quimby/pic_0067.jpg,mayor_quimby
./Simpson/mayor_quimby/pic_0114.jpg,mayor_quimby
./Simpson/mayor_quimby/pic_0155.jpg,mayor_quimby
./Simpson/mayor_quimby/pic_0129.jpg,mayor_quimby
./Simpson/mayor_quimby/pic_0181.jpg,mayor_quimby
./Simpson/mayor_quimby/pic_0055.jpg,mayor_quimby
./Simpson/mayor_quimby/pic_0190.jpg,mayor_quimby
./Simpson/mayor_quimby/pic_0013.jpg,mayor_quimby
./Simpson/mayor_quimby/pic_0112.jpg,mayor_quimby
./Simpson/mayor_quimby/pic_0240.jpg,mayor_quimby
./Simpson/mayor_quimby/pic_0110.jpg,mayor_quimby
./Simpson/mayor_quimby/pic_0063.jpg,mayor_quimby
./Simpson/mayor_quimby/pic_0142.jpg,mayor_quimby
./Simpson/mayor_quimby/pic_0047.jpg,mayor_quimby
./Simpson/mayor_quimby/pic_0050.jpg,mayor_quimby
./Simpson/mayor_quimby/pic_0109.jpg,mayor_quimby
./Simpson/mayor_quimby/pic_0241.jpg,mayor_quimby
./Simpson/mayor_quimby/pic_0084.jpg,mayor_quimby
./Simpson/mayor_quimby/pic_0161.jpg,mayor_quimby
./Simpson/mayor_quimby/pic_0202.jpg,mayor_quimby
./Simpson/mayor_quimby/pic_0056.jpg,mayor_quimby
./Simpson/mayor_quimby/pic_0077.jpg,mayor_quimby
./Simpson/mayor_quimby/pic_0016.jpg,mayor_quimby
./Simpson/mayor_quimby/pic_0058.jpg,mayor_quimby
./Simpson/mayor_quimby/pic_0185.jpg,mayor_quimby
./Simpson/mayor_quimby/pic_0073.jpg,mayor_quimby
./Simpson/mayor_quimby/pic_0136.jpg,mayor_quimby
./Simpson/mayor_quimby/pic_0014.jpg,mayor_quimby
./Simpson/mayor_quimby/pic_0128.jpg,mayor_quimby
./Simpson/mayor_quimby/pic_0164.jpg,mayor_quimby
./Simpson/mayor_quimby/pic_0239.jpg,mayor_quimby
./Simpson/mayor_quimby/pic_0049.jpg,mayor_quimby
./Simpson/mayor_quimby/pic_0243.jpg,mayor_quimby
./Simpson/mayor_quimby/pic_0093.jpg,mayor_quimby
./Simpson/mayor_quimby/pic_0152.jpg,mayor_quimby
./Simpson/mayor_quimby/pic_0076.jpg,mayor_quimby
./Simpson/mayor_quimby/pic_0232.jpg,mayor_quimby
./Simpson/mayor_quimby/pic_0106.jpg,mayor_quimby
./Simpson/mayor_quimby/pic_0046.jpg,mayor_quimby
./Simpson/mayor_quimby/pic_0179.jpg,mayor_quimby
./Simpson/mayor_quimby/pic_0154.jpg,mayor_quimby
./Simpson/mayor_quimby/pic_0064.jpg,mayor_quimby
./Simpson/mayor_quimby/pic_0235.jpg,mayor_quimby
./Simpson/mayor_quimby/pic_0182.jpg,mayor_quimby
./Simpson/mayor_quimby/pic_0099.jpg,mayor_quimby
./Simpson/mayor_quimby/pic_0132.jpg,mayor_quimby
./Simpson/mayor_quimby/pic_0007.jpg,mayor_quimby
./Simpson/mayor_quimby/pic_0210.jpg,mayor_quimby
./Simpson/mayor_quimby/pic_0030.jpg,mayor_quimby
./Simpson/mayor_quimby/pic_0091.jpg,mayor_quimby
./Simpson/mayor_quimby/pic_0212.jpg,mayor_quimby
./Simpson/mayor_quimby/pic_0203.jpg,mayor_quimby
./Simpson/mayor_quimby/pic_0138.jpg,mayor_quimby
./Simpson/mayor_quimby/pic_0140.jpg,mayor_quimby
./Simpson/mayor_quimby/pic_0057.jpg,mayor_quimby
./Simpson/mayor_quimby/pic_0098.jpg,mayor_quimby
./Simpson/mayor_quimby/pic_0094.jpg,mayor_quimby
./Simpson/mayor_quimby/pic_0082.jpg,mayor_quimby
./Simpson/mayor_quimby/pic_0108.jpg,mayor_quimby
./Simpson/mayor_quimby/pic_0168.jpg,mayor_quimby
./Simpson/mayor_quimby/pic_0065.jpg,mayor_quimby
./Simpson/mayor_quimby/pic_0096.jpg,mayor_quimby
./Simpson/mayor_quimby/pic_0006.jpg,mayor_quimby
./Simpson/mayor_quimby/pic_0060.jpg,mayor_quimby
./Simpson/mayor_quimby/pic_0071.jpg,mayor_quimby
./Simpson/mayor_quimby/pic_0087.jpg,mayor_quimby
./Simpson/mayor_quimby/pic_0075.jpg,mayor_quimby
./Simpson/mayor_quimby/pic_0024.jpg,mayor_quimby
./Simpson/mayor_quimby/pic_0135.jpg,mayor_quimby
./Simpson/mayor_quimby/pic_0170.jpg,mayor_quimby
./Simpson/mayor_quimby/pic_0201.jpg,mayor_quimby
./Simpson/mayor_quimby/pic_0022.jpg,mayor_quimby
./Simpson/mayor_quimby/pic_0004.jpg,mayor_quimby
./Simpson/mayor_quimby/pic_0143.jpg,mayor_quimby
./Simpson/mayor_quimby/pic_0089.jpg,mayor_quimby
./Simpson/mayor_quimby/pic_0188.jpg,mayor_quimby
./Simpson/mayor_quimby/pic_0126.jpg,mayor_quimby
./Simpson/mayor_quimby/pic_0017.jpg,mayor_quimby
./Simpson/mayor_quimby/pic_0125.jpg,mayor_quimby
./Simpson/mayor_quimby/pic_0117.jpg,mayor_quimby
./Simpson/mayor_quimby/pic_0177.jpg,mayor_quimby
./Simpson/mayor_quimby/pic_0148.jpg,mayor_quimby
./Simpson/mayor_quimby/pic_0034.jpg,mayor_quimby
./Simpson/mayor_quimby/pic_0025.jpg,mayor_quimby
./Simpson/mayor_quimby/pic_0083.jpg,mayor_quimby
./Simpson/mayor_quimby/pic_0229.jpg,mayor_quimby
./Simpson/mayor_quimby/pic_0180.jpg,mayor_quimby
./Simpson/mayor_quimby/pic_0191.jpg,mayor_quimby
./Simpson/mayor_quimby/pic_0223.jpg,mayor_quimby
./Simpson/mayor_quimby/pic_0230.jpg,mayor_quimby
./Simpson/mayor_quimby/pic_0200.jpg,mayor_quimby
./Simpson/mayor_quimby/pic_0085.jpg,mayor_quimby
./Simpson/mayor_quimby/pic_0044.jpg,mayor_quimby
./Simpson/mayor_quimby/pic_0176.jpg,mayor_quimby
./Simpson/mayor_quimby/pic_0072.jpg,mayor_quimby
./Simpson/mayor_quimby/pic_0118.jpg,mayor_quimby
./Simpson/mayor_quimby/pic_0116.jpg,mayor_quimby
./Simpson/mayor_quimby/pic_0041.jpg,mayor_quimby
./Simpson/mayor_quimby/pic_0222.jpg,mayor_quimby
./Simpson/mayor_quimby/pic_0219.jpg,mayor_quimby
./Simpson/mayor_quimby/pic_0196.jpg,mayor_quimby
./Simpson/mayor_quimby/pic_0160.jpg,mayor_quimby
./Simpson/mayor_quimby/pic_0131.jpg,mayor_quimby
./Simpson/mayor_quimby/pic_0115.jpg,mayor_quimby
./Simpson/mayor_quimby/pic_0053.jpg,mayor_quimby
./Simpson/mayor_quimby/pic_0234.jpg,mayor_quimby
./Simpson/mayor_quimby/pic_0199.jpg,mayor_quimby
./Simpson/mayor_quimby/pic_0027.jpg,mayor_quimby
./Simpson/mayor_quimby/pic_0000.jpg,mayor_quimby
./Simpson/mayor_quimby/pic_0213.jpg,mayor_quimby
./Simpson/mayor_quimby/pic_0080.jpg,mayor_quimby
./Simpson/mayor_quimby/pic_0029.jpg,mayor_quimby
./Simpson/mayor_quimby/pic_0220.jpg,mayor_quimby
./Simpson/mayor_quimby/pic_0042.jpg,mayor_quimby
./Simpson/mayor_quimby/pic_0023.jpg,mayor_quimby
./Simpson/mayor_quimby/pic_0221.jpg,mayor_quimby
./Simpson/mayor_quimby/pic_0197.jpg,mayor_quimby
./Simpson/mayor_quimby/pic_0070.jpg,mayor_quimby
./Simpson/mayor_quimby/pic_0165.jpg,mayor_quimby
./Simpson/mayor_quimby/pic_0105.jpg,mayor_quimby
./Simpson/mayor_quimby/pic_0008.jpg,mayor_quimby
./Simpson/mayor_quimby/pic_0231.jpg,mayor_quimby
./Simpson/mayor_quimby/pic_0156.jpg,mayor_quimby
./Simpson/mayor_quimby/pic_0217.jpg,mayor_quimby
./Simpson/mayor_quimby/pic_0206.jpg,mayor_quimby
./Simpson/mayor_quimby/pic_0195.jpg,mayor_quimby
./Simpson/mayor_quimby/pic_0038.jpg,mayor_quimby
./Simpson/mayor_quimby/pic_0130.jpg,mayor_quimby
./Simpson/mayor_quimby/pic_0097.jpg,mayor_quimby
./Simpson/mayor_quimby/pic_0123.jpg,mayor_quimby
./Simpson/mayor_quimby/pic_0037.jpg,mayor_quimby
./Simpson/mayor_quimby/pic_0102.jpg,mayor_quimby
./Simpson/mayor_quimby/pic_0150.jpg,mayor_quimby
./Simpson/mayor_quimby/pic_0121.jpg,mayor_quimby
./Simpson/mayor_quimby/pic_0054.jpg,mayor_quimby
./Simpson/mayor_quimby/pic_0122.jpg,mayor_quimby
./Simpson/mayor_quimby/pic_0163.jpg,mayor_quimby
./Simpson/mayor_quimby/pic_0242.jpg,mayor_quimby
./Simpson/mayor_quimby/pic_0036.jpg,mayor_quimby
./Simpson/mayor_quimby/pic_0081.jpg,mayor_quimby
./Simpson/mayor_quimby/pic_0171.jpg,mayor_quimby
./Simpson/mayor_quimby/pic_0207.jpg,mayor_quimby
./Simpson/mayor_quimby/pic_0079.jpg,mayor_quimby
./Simpson/mayor_quimby/pic_0187.jpg,mayor_quimby
./Simpson/mayor_quimby/pic_0002.jpg,mayor_quimby
./Simpson/mayor_quimby/pic_0113.jpg,mayor_quimby
./Simpson/mayor_quimby/pic_0026.jpg,mayor_quimby
./Simpson/maggie_simpson/pic_0043.jpg,maggie_simpson
./Simpson/maggie_simpson/pic_0086.jpg,maggie_simpson
./Simpson/maggie_simpson/pic_0003.jpg,maggie_simpson
./Simpson/maggie_simpson/pic_0035.jpg,maggie_simpson
./Simpson/maggie_simpson/pic_0012.jpg,maggie_simpson
./Simpson/maggie_simpson/pic_0101.jpg,maggie_simpson
./Simpson/maggie_simpson/pic_0062.jpg,maggie_simpson
./Simpson/maggie_simpson/pic_0107.jpg,maggie_simpson
./Simpson/maggie_simpson/pic_0040.jpg,maggie_simpson
./Simpson/maggie_simpson/pic_0015.jpg,maggie_simpson
./Simpson/maggie_simpson/pic_0074.jpg,maggie_simpson
./Simpson/maggie_simpson/pic_0127.jpg,maggie_simpson
./Simpson/maggie_simpson/pic_0048.jpg,maggie_simpson
./Simpson/maggie_simpson/pic_0124.jpg,maggie_simpson
./Simpson/maggie_simpson/pic_0039.jpg,maggie_simpson
./Simpson/maggie_simpson/pic_0051.jpg,maggie_simpson
./Simpson/maggie_simpson/pic_0018.jpg,maggie_simpson
./Simpson/maggie_simpson/pic_0021.jpg,maggie_simpson
./Simpson/maggie_simpson/pic_0061.jpg,maggie_simpson
./Simpson/maggie_simpson/pic_0090.jpg,maggie_simpson
./Simpson/maggie_simpson/pic_0068.jpg,maggie_simpson
./Simpson/maggie_simpson/pic_0066.jpg,maggie_simpson
./Simpson/maggie_simpson/pic_0020.jpg,maggie_simpson
./Simpson/maggie_simpson/pic_0052.jpg,maggie_simpson
./Simpson/maggie_simpson/pic_0069.jpg,maggie_simpson
./Simpson/maggie_simpson/pic_0001.jpg,maggie_simpson
./Simpson/maggie_simpson/pic_0095.jpg,maggie_simpson
./Simpson/maggie_simpson/pic_0088.jpg,maggie_simpson
./Simpson/maggie_simpson/pic_0010.jpg,maggie_simpson
./Simpson/maggie_simpson/pic_0103.jpg,maggie_simpson
./Simpson/maggie_simpson/pic_0111.jpg,maggie_simpson
./Simpson/maggie_simpson/pic_0005.jpg,maggie_simpson
./Simpson/maggie_simpson/pic_0059.jpg,maggie_simpson
./Simpson/maggie_simpson/pic_0100.jpg,maggie_simpson
./Simpson/maggie_simpson/pic_0033.jpg,maggie_simpson
./Simpson/maggie_simpson/pic_0032.jpg,maggie_simpson
./Simpson/maggie_simpson/pic_0119.jpg,maggie_simpson
./Simpson/maggie_simpson/pic_0092.jpg,maggie_simpson
./Simpson/maggie_simpson/pic_0045.jpg,maggie_simpson
./Simpson/maggie_simpson/pic_0011.jpg,maggie_simpson
./Simpson/maggie_simpson/pic_0009.jpg,maggie_simpson
./Simpson/maggie_simpson/pic_0019.jpg,maggie_simpson
./Simpson/maggie_simpson/pic_0104.jpg,maggie_simpson
./Simpson/maggie_simpson/pic_0078.jpg,maggie_simpson
./Simpson/maggie_simpson/pic_0120.jpg,maggie_simpson
./Simpson/maggie_simpson/pic_0028.jpg,maggie_simpson
./Simpson/maggie_simpson/pic_0031.jpg,maggie_simpson
./Simpson/maggie_simpson/pic_0067.jpg,maggie_simpson
./Simpson/maggie_simpson/pic_0114.jpg,maggie_simpson
./Simpson/maggie_simpson/pic_0055.jpg,maggie_simpson
./Simpson/maggie_simpson/pic_0013.jpg,maggie_simpson
./Simpson/maggie_simpson/pic_0112.jpg,maggie_simpson
./Simpson/maggie_simpson/pic_0110.jpg,maggie_simpson
./Simpson/maggie_simpson/pic_0063.jpg,maggie_simpson
./Simpson/maggie_simpson/pic_0047.jpg,maggie_simpson
./Simpson/maggie_simpson/pic_0050.jpg,maggie_simpson
./Simpson/maggie_simpson/pic_0109.jpg,maggie_simpson
./Simpson/maggie_simpson/pic_0084.jpg,maggie_simpson
./Simpson/maggie_simpson/pic_0056.jpg,maggie_simpson
./Simpson/maggie_simpson/pic_0077.jpg,maggie_simpson
./Simpson/maggie_simpson/pic_0016.jpg,maggie_simpson
./Simpson/maggie_simpson/pic_0058.jpg,maggie_simpson
./Simpson/maggie_simpson/pic_0073.jpg,maggie_simpson
./Simpson/maggie_simpson/pic_0014.jpg,maggie_simpson
./Simpson/maggie_simpson/pic_0049.jpg,maggie_simpson
./Simpson/maggie_simpson/pic_0093.jpg,maggie_simpson
./Simpson/maggie_simpson/pic_0076.jpg,maggie_simpson
./Simpson/maggie_simpson/pic_0106.jpg,maggie_simpson
./Simpson/maggie_simpson/pic_0046.jpg,maggie_simpson
./Simpson/maggie_simpson/pic_0064.jpg,maggie_simpson
./Simpson/maggie_simpson/pic_0099.jpg,maggie_simpson
./Simpson/maggie_simpson/pic_0007.jpg,maggie_simpson
./Simpson/maggie_simpson/pic_0030.jpg,maggie_simpson
./Simpson/maggie_simpson/pic_0091.jpg,maggie_simpson
./Simpson/maggie_simpson/pic_0057.jpg,maggie_simpson
./Simpson/maggie_simpson/pic_0098.jpg,maggie_simpson
./Simpson/maggie_simpson/pic_0094.jpg,maggie_simpson
./Simpson/maggie_simpson/pic_0082.jpg,maggie_simpson
./Simpson/maggie_simpson/pic_0108.jpg,maggie_simpson
./Simpson/maggie_simpson/pic_0065.jpg,maggie_simpson
./Simpson/maggie_simpson/pic_0096.jpg,maggie_simpson
./Simpson/maggie_simpson/pic_0006.jpg,maggie_simpson
./Simpson/maggie_simpson/pic_0060.jpg,maggie_simpson
./Simpson/maggie_simpson/pic_0071.jpg,maggie_simpson
./Simpson/maggie_simpson/pic_0087.jpg,maggie_simpson
./Simpson/maggie_simpson/pic_0075.jpg,maggie_simpson
./Simpson/maggie_simpson/pic_0024.jpg,maggie_simpson
./Simpson/maggie_simpson/pic_0022.jpg,maggie_simpson
./Simpson/maggie_simpson/pic_0004.jpg,maggie_simpson
./Simpson/maggie_simpson/pic_0089.jpg,maggie_simpson
./Simpson/maggie_simpson/pic_0126.jpg,maggie_simpson
./Simpson/maggie_simpson/pic_0017.jpg,maggie_simpson
./Simpson/maggie_simpson/pic_0125.jpg,maggie_simpson
./Simpson/maggie_simpson/pic_0117.jpg,maggie_simpson
./Simpson/maggie_simpson/pic_0034.jpg,maggie_simpson
./Simpson/maggie_simpson/pic_0025.jpg,maggie_simpson
./Simpson/maggie_simpson/pic_0083.jpg,maggie_simpson
./Simpson/maggie_simpson/pic_0085.jpg,maggie_simpson
./Simpson/maggie_simpson/pic_0044.jpg,maggie_simpson
./Simpson/maggie_simpson/pic_0072.jpg,maggie_simpson
./Simpson/maggie_simpson/pic_0118.jpg,maggie_simpson
./Simpson/maggie_simpson/pic_0116.jpg,maggie_simpson
./Simpson/maggie_simpson/pic_0041.jpg,maggie_simpson
./Simpson/maggie_simpson/pic_0115.jpg,maggie_simpson
./Simpson/maggie_simpson/pic_0053.jpg,maggie_simpson
./Simpson/maggie_simpson/pic_0027.jpg,maggie_simpson
./Simpson/maggie_simpson/pic_0000.jpg,maggie_simpson
./Simpson/maggie_simpson/pic_0080.jpg,maggie_simpson
./Simpson/maggie_simpson/pic_0029.jpg,maggie_simpson
./Simpson/maggie_simpson/pic_0042.jpg,maggie_simpson
./Simpson/maggie_simpson/pic_0023.jpg,maggie_simpson
./Simpson/maggie_simpson/pic_0070.jpg,maggie_simpson
./Simpson/maggie_simpson/pic_0105.jpg,maggie_simpson
./Simpson/maggie_simpson/pic_0008.jpg,maggie_simpson
./Simpson/maggie_simpson/pic_0038.jpg,maggie_simpson
./Simpson/maggie_simpson/pic_0097.jpg,maggie_simpson
./Simpson/maggie_simpson/pic_0123.jpg,maggie_simpson
./Simpson/maggie_simpson/pic_0037.jpg,maggie_simpson
./Simpson/maggie_simpson/pic_0102.jpg,maggie_simpson
./Simpson/maggie_simpson/pic_0121.jpg,maggie_simpson
./Simpson/maggie_simpson/pic_0054.jpg,maggie_simpson
./Simpson/maggie_simpson/pic_0122.jpg,maggie_simpson
./Simpson/maggie_simpson/pic_0036.jpg,maggie_simpson
./Simpson/maggie_simpson/pic_0081.jpg,maggie_simpson
./Simpson/maggie_simpson/pic_0079.jpg,maggie_simpson
./Simpson/maggie_simpson/pic_0002.jpg,maggie_simpson
./Simpson/maggie_simpson/pic_0113.jpg,maggie_simpson
./Simpson/maggie_simpson/pic_0026.jpg,maggie_simpson
./Simpson/groundskeeper_willie/pic_0043.jpg,groundskeeper_willie
./Simpson/groundskeeper_willie/pic_0086.jpg,groundskeeper_willie
./Simpson/groundskeeper_willie/pic_0003.jpg,groundskeeper_willie
./Simpson/groundskeeper_willie/pic_0035.jpg,groundskeeper_willie
./Simpson/groundskeeper_willie/pic_0012.jpg,groundskeeper_willie
./Simpson/groundskeeper_willie/pic_0101.jpg,groundskeeper_willie
./Simpson/groundskeeper_willie/pic_0062.jpg,groundskeeper_willie
./Simpson/groundskeeper_willie/pic_0107.jpg,groundskeeper_willie
./Simpson/groundskeeper_willie/pic_0040.jpg,groundskeeper_willie
./Simpson/groundskeeper_willie/pic_0015.jpg,groundskeeper_willie
./Simpson/groundskeeper_willie/pic_0074.jpg,groundskeeper_willie
./Simpson/groundskeeper_willie/pic_0048.jpg,groundskeeper_willie
./Simpson/groundskeeper_willie/pic_0039.jpg,groundskeeper_willie
./Simpson/groundskeeper_willie/pic_0051.jpg,groundskeeper_willie
./Simpson/groundskeeper_willie/pic_0018.jpg,groundskeeper_willie
./Simpson/groundskeeper_willie/pic_0021.jpg,groundskeeper_willie
./Simpson/groundskeeper_willie/pic_0061.jpg,groundskeeper_willie
./Simpson/groundskeeper_willie/pic_0090.jpg,groundskeeper_willie
./Simpson/groundskeeper_willie/pic_0068.jpg,groundskeeper_willie
./Simpson/groundskeeper_willie/pic_0066.jpg,groundskeeper_willie
./Simpson/groundskeeper_willie/pic_0020.jpg,groundskeeper_willie
./Simpson/groundskeeper_willie/pic_0052.jpg,groundskeeper_willie
./Simpson/groundskeeper_willie/pic_0069.jpg,groundskeeper_willie
./Simpson/groundskeeper_willie/pic_0001.jpg,groundskeeper_willie
./Simpson/groundskeeper_willie/pic_0095.jpg,groundskeeper_willie
./Simpson/groundskeeper_willie/pic_0088.jpg,groundskeeper_willie
./Simpson/groundskeeper_willie/pic_0010.jpg,groundskeeper_willie
./Simpson/groundskeeper_willie/pic_0103.jpg,groundskeeper_willie
./Simpson/groundskeeper_willie/pic_0111.jpg,groundskeeper_willie
./Simpson/groundskeeper_willie/pic_0005.jpg,groundskeeper_willie
./Simpson/groundskeeper_willie/pic_0059.jpg,groundskeeper_willie
./Simpson/groundskeeper_willie/pic_0100.jpg,groundskeeper_willie
./Simpson/groundskeeper_willie/pic_0033.jpg,groundskeeper_willie
./Simpson/groundskeeper_willie/pic_0032.jpg,groundskeeper_willie
./Simpson/groundskeeper_willie/pic_0119.jpg,groundskeeper_willie
./Simpson/groundskeeper_willie/pic_0092.jpg,groundskeeper_willie
./Simpson/groundskeeper_willie/pic_0045.jpg,groundskeeper_willie
./Simpson/groundskeeper_willie/pic_0011.jpg,groundskeeper_willie
./Simpson/groundskeeper_willie/pic_0009.jpg,groundskeeper_willie
./Simpson/groundskeeper_willie/pic_0019.jpg,groundskeeper_willie
./Simpson/groundskeeper_willie/pic_0104.jpg,groundskeeper_willie
./Simpson/groundskeeper_willie/pic_0078.jpg,groundskeeper_willie
./Simpson/groundskeeper_willie/pic_0120.jpg,groundskeeper_willie
./Simpson/groundskeeper_willie/pic_0028.jpg,groundskeeper_willie
./Simpson/groundskeeper_willie/pic_0031.jpg,groundskeeper_willie
./Simpson/groundskeeper_willie/pic_0067.jpg,groundskeeper_willie
./Simpson/groundskeeper_willie/pic_0114.jpg,groundskeeper_willie
./Simpson/groundskeeper_willie/pic_0055.jpg,groundskeeper_willie
./Simpson/groundskeeper_willie/pic_0013.jpg,groundskeeper_willie
./Simpson/groundskeeper_willie/pic_0112.jpg,groundskeeper_willie
./Simpson/groundskeeper_willie/pic_0110.jpg,groundskeeper_willie
./Simpson/groundskeeper_willie/pic_0063.jpg,groundskeeper_willie
./Simpson/groundskeeper_willie/pic_0047.jpg,groundskeeper_willie
./Simpson/groundskeeper_willie/pic_0050.jpg,groundskeeper_willie
./Simpson/groundskeeper_willie/pic_0109.jpg,groundskeeper_willie
./Simpson/groundskeeper_willie/pic_0084.jpg,groundskeeper_willie
./Simpson/groundskeeper_willie/pic_0056.jpg,groundskeeper_willie
./Simpson/groundskeeper_willie/pic_0077.jpg,groundskeeper_willie
./Simpson/groundskeeper_willie/pic_0016.jpg,groundskeeper_willie
./Simpson/groundskeeper_willie/pic_0058.jpg,groundskeeper_willie
./Simpson/groundskeeper_willie/pic_0073.jpg,groundskeeper_willie
./Simpson/groundskeeper_willie/pic_0014.jpg,groundskeeper_willie
./Simpson/groundskeeper_willie/pic_0049.jpg,groundskeeper_willie
./Simpson/groundskeeper_willie/pic_0093.jpg,groundskeeper_willie
./Simpson/groundskeeper_willie/pic_0076.jpg,groundskeeper_willie
./Simpson/groundskeeper_willie/pic_0106.jpg,groundskeeper_willie
./Simpson/groundskeeper_willie/pic_0046.jpg,groundskeeper_willie
./Simpson/groundskeeper_willie/pic_0064.jpg,groundskeeper_willie
./Simpson/groundskeeper_willie/pic_0099.jpg,groundskeeper_willie
./Simpson/groundskeeper_willie/pic_0007.jpg,groundskeeper_willie
./Simpson/groundskeeper_willie/pic_0030.jpg,groundskeeper_willie
./Simpson/groundskeeper_willie/pic_0091.jpg,groundskeeper_willie
./Simpson/groundskeeper_willie/pic_0057.jpg,groundskeeper_willie
./Simpson/groundskeeper_willie/pic_0098.jpg,groundskeeper_willie
./Simpson/groundskeeper_willie/pic_0094.jpg,groundskeeper_willie
./Simpson/groundskeeper_willie/pic_0082.jpg,groundskeeper_willie
./Simpson/groundskeeper_willie/pic_0108.jpg,groundskeeper_willie
./Simpson/groundskeeper_willie/pic_0065.jpg,groundskeeper_willie
./Simpson/groundskeeper_willie/pic_0096.jpg,groundskeeper_willie
./Simpson/groundskeeper_willie/pic_0006.jpg,groundskeeper_willie
./Simpson/groundskeeper_willie/pic_0060.jpg,groundskeeper_willie
./Simpson/groundskeeper_willie/pic_0071.jpg,groundskeeper_willie
./Simpson/groundskeeper_willie/pic_0087.jpg,groundskeeper_willie
./Simpson/groundskeeper_willie/pic_0075.jpg,groundskeeper_willie
./Simpson/groundskeeper_willie/pic_0024.jpg,groundskeeper_willie
./Simpson/groundskeeper_willie/pic_0022.jpg,groundskeeper_willie
./Simpson/groundskeeper_willie/pic_0004.jpg,groundskeeper_willie
./Simpson/groundskeeper_willie/pic_0089.jpg,groundskeeper_willie
./Simpson/groundskeeper_willie/pic_0017.jpg,groundskeeper_willie
./Simpson/groundskeeper_willie/pic_0117.jpg,groundskeeper_willie
./Simpson/groundskeeper_willie/pic_0034.jpg,groundskeeper_willie
./Simpson/groundskeeper_willie/pic_0025.jpg,groundskeeper_willie
./Simpson/groundskeeper_willie/pic_0083.jpg,groundskeeper_willie
./Simpson/groundskeeper_willie/pic_0085.jpg,groundskeeper_willie
./Simpson/groundskeeper_willie/pic_0044.jpg,groundskeeper_willie
./Simpson/groundskeeper_willie/pic_0072.jpg,groundskeeper_willie
./Simpson/groundskeeper_willie/pic_0118.jpg,groundskeeper_willie
./Simpson/groundskeeper_willie/pic_0116.jpg,groundskeeper_willie
./Simpson/groundskeeper_willie/pic_0041.jpg,groundskeeper_willie
./Simpson/groundskeeper_willie/pic_0115.jpg,groundskeeper_willie
./Simpson/groundskeeper_willie/pic_0053.jpg,groundskeeper_willie
./Simpson/groundskeeper_willie/pic_0027.jpg,groundskeeper_willie
./Simpson/groundskeeper_willie/pic_0000.jpg,groundskeeper_willie
./Simpson/groundskeeper_willie/pic_0080.jpg,groundskeeper_willie
./Simpson/groundskeeper_willie/pic_0029.jpg,groundskeeper_willie
./Simpson/groundskeeper_willie/pic_0042.jpg,groundskeeper_willie
./Simpson/groundskeeper_willie/pic_0023.jpg,groundskeeper_willie
./Simpson/groundskeeper_willie/pic_0070.jpg,groundskeeper_willie
./Simpson/groundskeeper_willie/pic_0105.jpg,groundskeeper_willie
./Simpson/groundskeeper_willie/pic_0008.jpg,groundskeeper_willie
./Simpson/groundskeeper_willie/pic_0038.jpg,groundskeeper_willie
./Simpson/groundskeeper_willie/pic_0097.jpg,groundskeeper_willie
./Simpson/groundskeeper_willie/pic_0037.jpg,groundskeeper_willie
./Simpson/groundskeeper_willie/pic_0102.jpg,groundskeeper_willie
./Simpson/groundskeeper_willie/pic_0054.jpg,groundskeeper_willie
./Simpson/groundskeeper_willie/pic_0036.jpg,groundskeeper_willie
./Simpson/groundskeeper_willie/pic_0081.jpg,groundskeeper_willie
./Simpson/groundskeeper_willie/pic_0079.jpg,groundskeeper_willie
./Simpson/groundskeeper_willie/pic_0002.jpg,groundskeeper_willie
./Simpson/groundskeeper_willie/pic_0113.jpg,groundskeeper_willie
./Simpson/groundskeeper_willie/pic_0026.jpg,groundskeeper_willie
